{
    "content": [
        {
            "approvalGroupsId": 5,
            "organizationId2": 105,
            "name": "WCA",
            "createdTs": "2018-10-23T17:45:31.000+0000",
            "modifiedTs": "2018-10-23T17:45:31.000+0000",
            "description": "Pending"
        },
        {
            "approvalGroupsId": 87,
            "organizationId2": 105,
            "name": "IBM",
            "createdTs": "2018-10-25T17:57:25.000+0000",
            "modifiedTs": "2018-10-25T17:57:25.000+0000",
            "description": "Pending"
        },
        {
            "approvalGroupsId": 88,
            "organizationId2": 105,
            "name": "IBM",
            "createdTs": "2018-10-25T17:57:26.000+0000",
            "modifiedTs": "2018-10-25T17:57:26.000+0000",
            "description": "Pending"
        },
        {
            "approvalGroupsId": 89,
            "organizationId2": 105,
            "name": "IBM",
            "createdTs": "2018-10-25T17:57:27.000+0000",
            "modifiedTs": "2018-10-25T17:57:27.000+0000",
            "description": "Pending"
        },
        {
            "approvalGroupsId": 90,
            "organizationId2": 105,
            "name": "IBM",
            "createdTs": "2018-10-25T17:57:27.000+0000",
            "modifiedTs": "2018-10-25T17:57:27.000+0000",
            "description": "Pending"
        },
        {
            "approvalGroupsId": 91,
            "organizationId2": 105,
            "name": "IBM",
            "createdTs": "2018-10-25T17:57:28.000+0000",
            "modifiedTs": "2018-10-25T17:57:28.000+0000",
            "description": "Pending"
        },
        {
            "approvalGroupsId": 92,
            "organizationId2": 105,
            "name": "IBM",
            "createdTs": "2018-10-25T17:57:28.000+0000",
            "modifiedTs": "2018-10-25T17:57:28.000+0000",
            "description": "Pending"
        },
        {
            "approvalGroupsId": 93,
            "organizationId2": 105,
            "name": "IBM",
            "createdTs": "2018-10-25T17:57:28.000+0000",
            "modifiedTs": "2018-10-25T17:57:28.000+0000",
            "description": "Pending"
        },
        {
            "approvalGroupsId": 94,
            "organizationId2": 105,
            "name": "IBM",
            "createdTs": "2018-10-25T17:57:29.000+0000",
            "modifiedTs": "2018-10-25T17:57:29.000+0000",
            "description": "Pending"
        },
        {
            "approvalGroupsId": 95,
            "organizationId2": 105,
            "name": "IBM",
            "createdTs": "2018-10-25T17:57:29.000+0000",
            "modifiedTs": "2018-10-25T17:57:29.000+0000",
            "description": "Pending"
        },
        {
            "approvalGroupsId": 96,
            "organizationId2": 105,
            "name": "IBM",
            "createdTs": "2018-10-25T17:57:30.000+0000",
            "modifiedTs": "2018-10-25T17:57:30.000+0000",
            "description": "Pending"
        },
        {
            "approvalGroupsId": 97,
            "organizationId2": 105,
            "name": "IBM",
            "createdTs": "2018-10-25T17:57:30.000+0000",
            "modifiedTs": "2018-10-25T17:57:30.000+0000",
            "description": "Pending"
        },
        {
            "approvalGroupsId": 98,
            "organizationId2": 105,
            "name": "IBM",
            "createdTs": "2018-10-25T17:57:30.000+0000",
            "modifiedTs": "2018-10-25T17:57:30.000+0000",
            "description": "Pending"
        },
        {
            "approvalGroupsId": 98,
            "organizationId2": 105,
            "name": "IBM",
            "createdTs": "2018-10-25T17:57:30.000+0000",
            "modifiedTs": "2018-10-25T17:57:30.000+0000",
            "description": "Pending"
        },
        {
            "approvalGroupsId": 98,
            "organizationId2": 105,
            "name": "IBM",
            "createdTs": "2018-10-25T17:57:30.000+0000",
            "modifiedTs": "2018-10-25T17:57:30.000+0000",
            "description": "Pending"
        }, {
            "approvalGroupsId": 98,
            "organizationId2": 105,
            "name": "IBM",
            "createdTs": "2018-10-25T17:57:30.000+0000",
            "modifiedTs": "2018-10-25T17:57:30.000+0000",
            "description": "Pending"
        },
        {
            "approvalGroupsId": 98,
            "organizationId2": 105,
            "name": "IBM",
            "createdTs": "2018-10-25T17:57:30.000+0000",
            "modifiedTs": "2018-10-25T17:57:30.000+0000",
            "description": "Pending"
        },
        {
            "approvalGroupsId": 98,
            "organizationId2": 105,
            "name": "IBM",
            "createdTs": "2018-10-25T17:57:30.000+0000",
            "modifiedTs": "2018-10-25T17:57:30.000+0000",
            "description": "Pending"
        },
        {
            "approvalGroupsId": 98,
            "organizationId2": 105,
            "name": "IBM",
            "createdTs": "2018-10-25T17:57:30.000+0000",
            "modifiedTs": "2018-10-25T17:57:30.000+0000",
            "description": "Pending"
        },
        {
            "approvalGroupsId": 98,
            "organizationId2": 105,
            "name": "IBM",
            "createdTs": "2018-10-25T17:57:30.000+0000",
            "modifiedTs": "2018-10-25T17:57:30.000+0000",
            "description": "Pending"
        },
        {
            "approvalGroupsId": 98,
            "organizationId2": 105,
            "name": "IBM",
            "createdTs": "2018-10-25T17:57:30.000+0000",
            "modifiedTs": "2018-10-25T17:57:30.000+0000",
            "description": "Pending"
        },
        {
            "approvalGroupsId": 98,
            "organizationId2": 105,
            "name": "IBM",
            "createdTs": "2018-10-25T17:57:30.000+0000",
            "modifiedTs": "2018-10-25T17:57:30.000+0000",
            "description": "Pending"
        },
        {
            "approvalGroupsId": 98,
            "organizationId2": 105,
            "name": "IBM",
            "createdTs": "2018-10-25T17:57:30.000+0000",
            "modifiedTs": "2018-10-25T17:57:30.000+0000",
            "description": "Pending"
        },
        {
            "approvalGroupsId": 98,
            "organizationId2": 105,
            "name": "IBM",
            "createdTs": "2018-10-25T17:57:30.000+0000",
            "modifiedTs": "2018-10-25T17:57:30.000+0000",
            "description": "Pending"
        },
        {
            "approvalGroupsId": 98,
            "organizationId2": 105,
            "name": "IBM",
            "createdTs": "2018-10-25T17:57:30.000+0000",
            "modifiedTs": "2018-10-25T17:57:30.000+0000",
            "description": "Pending"
        },
        {
            "approvalGroupsId": 98,
            "organizationId2": 105,
            "name": "IBM",
            "createdTs": "2018-10-25T17:57:30.000+0000",
            "modifiedTs": "2018-10-25T17:57:30.000+0000",
            "description": "Pending"
        },
        {
            "approvalGroupsId": 98,
            "organizationId2": 105,
            "name": "IBM",
            "createdTs": "2018-10-25T17:57:30.000+0000",
            "modifiedTs": "2018-10-25T17:57:30.000+0000",
            "description": "Pending"
        },
        {
            "approvalGroupsId": 98,
            "organizationId2": 105,
            "name": "IBM",
            "createdTs": "2018-10-25T17:57:30.000+0000",
            "modifiedTs": "2018-10-25T17:57:30.000+0000",
            "description": "Pending"
        },
        {
            "approvalGroupsId": 98,
            "organizationId2": 105,
            "name": "IBM",
            "createdTs": "2018-10-25T17:57:30.000+0000",
            "modifiedTs": "2018-10-25T17:57:30.000+0000",
            "description": "Pending"
        },
        {
            "approvalGroupsId": 98,
            "organizationId2": 105,
            "name": "IBM",
            "createdTs": "2018-10-25T17:57:30.000+0000",
            "modifiedTs": "2018-10-25T17:57:30.000+0000",
            "description": "Pending"
        },
        {
            "approvalGroupsId": 98,
            "organizationId2": 105,
            "name": "IBM",
            "createdTs": "2018-10-25T17:57:30.000+0000",
            "modifiedTs": "2018-10-25T17:57:30.000+0000",
            "description": "Pending"
        },
        {
            "approvalGroupsId": 98,
            "organizationId2": 105,
            "name": "IBM",
            "createdTs": "2018-10-25T17:57:30.000+0000",
            "modifiedTs": "2018-10-25T17:57:30.000+0000",
            "description": "Pending"
        },
        {
            "approvalGroupsId": 98,
            "organizationId2": 105,
            "name": "IBM",
            "createdTs": "2018-10-25T17:57:30.000+0000",
            "modifiedTs": "2018-10-25T17:57:30.000+0000",
            "description": "Pending"
        },
        {
            "approvalGroupsId": 98,
            "organizationId2": 105,
            "name": "IBM",
            "createdTs": "2018-10-25T17:57:30.000+0000",
            "modifiedTs": "2018-10-25T17:57:30.000+0000",
            "description": "Pending"
        },
        {
            "approvalGroupsId": 98,
            "organizationId2": 105,
            "name": "IBM",
            "createdTs": "2018-10-25T17:57:30.000+0000",
            "modifiedTs": "2018-10-25T17:57:30.000+0000",
            "description": "Pending"
        },
        {
            "approvalGroupsId": 98,
            "organizationId2": 105,
            "name": "IBM",
            "createdTs": "2018-10-25T17:57:30.000+0000",
            "modifiedTs": "2018-10-25T17:57:30.000+0000",
            "description": "Pending"
        },
        {
            "approvalGroupsId": 98,
            "organizationId2": 105,
            "name": "IBM",
            "createdTs": "2018-10-25T17:57:30.000+0000",
            "modifiedTs": "2018-10-25T17:57:30.000+0000",
            "description": "Pending"
        },
        {
            "approvalGroupsId": 98,
            "organizationId2": 105,
            "name": "IBM",
            "createdTs": "2018-10-25T17:57:30.000+0000",
            "modifiedTs": "2018-10-25T17:57:30.000+0000",
            "description": "Pending"
        },
        {
            "approvalGroupsId": 98,
            "organizationId2": 105,
            "name": "IBM",
            "createdTs": "2018-10-25T17:57:30.000+0000",
            "modifiedTs": "2018-10-25T17:57:30.000+0000",
            "description": "Pending"
        },
        {
            "approvalGroupsId": 98,
            "organizationId2": 105,
            "name": "IBM",
            "createdTs": "2018-10-25T17:57:30.000+0000",
            "modifiedTs": "2018-10-25T17:57:30.000+0000",
            "description": "Pending"
        },
        {
            "approvalGroupsId": 98,
            "organizationId2": 105,
            "name": "IBM",
            "createdTs": "2018-10-25T17:57:30.000+0000",
            "modifiedTs": "2018-10-25T17:57:30.000+0000",
            "description": "Pending"
        },
        {
            "approvalGroupsId": 98,
            "organizationId2": 105,
            "name": "IBM",
            "createdTs": "2018-10-25T17:57:30.000+0000",
            "modifiedTs": "2018-10-25T17:57:30.000+0000",
            "description": "Rasulbee pending"
        }
    ],
    "pageable": {
        "sort": {
            "sorted": true,
            "unsorted": false
        },
        "offset": 0,
        "pageNumber": 0,
        "pageSize": 25,
        "paged": true,
        "unpaged": false
    },
    "last": true,
    "totalElements": 13,
    "totalPages": 1,
    "size": 25,
    "number": 0,
    "numberOfElements": 13,
    "sort": {
        "sorted": true,
        "unsorted": false
    },
    "first": true
}